device_age_years,battery_health,screen_damage,body_condition,repair_cost,device_value,previous_repairs,warranty_remaining,repair_or_replace
3.4,51,1,0,23174,19628,1,0,1
3.8,84,0,2,4070,32651,0,0,0
1.5,82,0,2,8223,18031,4,1,0
2.5,67,0,0,10105,50753,3,1,0
1.2,98,1,0,12763,11078,3,0,1
4.3,88,1,0,13403,52823,3,0,1
0.9,68,1,2,22668,17601,0,0,1
1.5,68,0,0,15857,11619,3,1,0
3.4,73,0,1,23997,28283,1,1,0
4.7,91,0,2,6354,46613,1,0,0
2.6,67,0,2,2051,26252,0,0,0
4.1,75,1,0,7967,18826,4,1,0
3.4,75,1,0,19394,22359,1,0,1
2.9,97,1,2,5532,31175,2,0,0
2.8,55,0,0,20543,15016,1,1,0
0.8,74,1,2,23291,21476,4,0,1
3.7,93,1,2,15246,27293,0,1,1
1.2,50,1,2,21489,54935,1,0,0
1.8,90,0,0,20626,29504,1,0,0
2.0,51,0,1,2898,59504,2,0,0
1.6,86,0,0,18455,52966,3,0,0
3.9,58,1,2,7940,15821,2,1,1
4.7,98,0,2,15355,25428,3,1,1
4.5,78,0,0,1689,19725,0,1,0
3.1,64,0,0,3208,9652,0,0,0
4.6,71,0,2,8020,20597,2,1,0
2.9,96,1,0,7239,56420,3,1,0
0.9,92,1,1,24890,32759,3,1,0
0.7,91,0,0,9147,31386,2,0,0
1.4,84,1,0,16159,32648,1,1,0
1.6,54,1,2,4056,11416,0,0,0
4.7,65,0,1,14141,36826,3,0,0
4.6,60,1,0,10347,30586,2,1,0
2.4,96,1,0,2916,17445,2,0,0
3.1,84,0,2,20142,25552,0,0,1
2.6,83,0,0,3245,38281,0,0,0
3.2,93,0,1,19970,12856,4,0,1
3.2,89,0,1,9544,48081,4,1,0
1.4,95,1,0,23009,22407,3,0,1
3.4,79,1,0,3400,5610,3,0,1
2.9,82,1,0,13108,27872,0,0,0
1.8,78,1,2,22884,57894,4,0,0
4.2,69,0,0,19128,22332,0,0,1
1.2,68,0,2,17561,27471,1,1,0
2.7,53,0,2,1116,32759,2,0,0
2.0,58,1,0,19379,53577,3,1,0
0.5,54,0,2,15083,7361,2,0,1
1.1,69,1,0,22854,28449,1,0,0
1.0,99,1,2,6324,54117,1,0,0
4.9,61,1,0,22951,16754,2,1,0
4.4,65,1,0,2268,56601,0,1,0
4.4,64,0,1,8304,27915,2,0,0
0.6,62,1,1,12506,23258,0,1,0
3.4,75,1,0,20024,12559,2,0,1
4.8,66,0,0,24872,44096,3,1,1
4.0,77,0,1,2454,42787,1,1,0
3.7,50,0,1,21419,33265,0,1,1
1.9,57,1,2,14185,25269,3,1,1
3.6,85,0,0,21169,32554,3,0,1
3.1,75,0,1,20004,23803,1,1,0
3.2,70,1,1,6560,33977,1,1,0
3.5,68,1,0,8361,58636,1,1,0
4.1,59,0,0,15923,21046,3,0,1
2.4,90,0,2,14095,50636,3,1,0
1.6,91,0,0,6763,56014,3,0,0
4.1,94,1,0,15957,41530,1,0,0
1.1,79,1,1,18952,45150,4,1,0
2.5,60,1,1,18081,21986,1,1,0
2.7,65,1,1,9903,10077,2,0,0
2.0,84,0,0,23739,14884,1,1,0
1.2,63,0,1,14624,31712,2,1,0
0.8,76,1,2,16629,50581,0,1,0
0.5,72,1,1,16998,59770,3,0,0
1.5,77,1,0,24729,30484,2,1,0
1.2,79,0,2,20395,40004,0,1,0
3.0,51,0,2,6954,33089,1,1,0
0.7,74,1,0,13423,34799,2,1,0
1.8,76,1,0,12467,35822,0,0,0
1.5,54,0,0,21359,21205,1,0,1
1.2,58,1,2,16238,12496,4,0,1
3.6,99,1,0,6366,44707,4,0,1
4.8,56,0,1,24429,42735,3,1,1
1.4,87,0,0,19544,50691,2,0,0
4.0,72,1,2,1414,29285,0,1,0
4.3,81,0,1,15270,28736,3,0,1
1.3,83,1,2,16232,57966,4,1,0
2.5,96,1,1,15771,21088,0,1,0
1.6,79,1,1,6958,6880,3,1,1
2.7,72,1,1,19212,23327,4,1,0
0.5,62,0,0,19192,52190,3,1,0
3.9,94,1,2,1565,51651,3,1,0
0.9,64,1,2,16507,20945,2,1,0
3.0,72,1,2,24031,41070,2,1,0
2.5,69,1,0,4917,12907,1,1,0
3.8,98,0,0,24743,19180,3,1,1
3.2,98,1,0,8454,59567,1,1,0
2.1,69,0,2,2491,40005,1,1,0
4.9,85,1,2,1401,13275,3,0,1
3.1,80,1,1,9273,27328,1,0,0
4.7,80,0,0,19907,31260,3,0,1
3.3,53,0,0,3791,58159,4,1,0
5.0,57,1,2,18123,44067,4,0,1
2.2,78,1,2,20976,33103,2,0,1
4.8,56,0,2,6146,18829,2,0,1
1.6,85,0,0,23589,5175,3,1,1
3.2,68,0,0,3332,23881,2,1,0
3.6,66,0,1,22221,12521,4,0,1
1.2,67,0,0,20498,8908,1,1,0
3.9,86,1,1,23928,13149,3,1,1
2.3,67,1,1,15156,10271,4,0,1
3.8,88,1,0,23029,10985,1,0,1
4.2,86,0,0,10114,35834,4,1,0
1.3,87,1,2,16401,58362,3,0,0
2.1,71,1,2,14488,11855,1,1,0
3.6,68,1,2,11306,7404,3,0,1
1.6,57,1,2,14541,59062,0,1,0
0.7,83,1,2,2691,54574,3,1,0
1.4,85,0,1,1945,33712,3,0,0
4.9,88,0,2,19096,15379,2,0,1
2.3,64,0,1,24481,12698,1,1,0
1.8,95,1,1,8986,59704,3,1,0
2.6,59,1,0,3287,44280,4,0,1
1.7,100,1,1,1084,56623,4,1,0
1.8,69,1,0,12309,34264,4,1,0
2.0,98,1,1,19736,26088,1,0,0
2.2,99,1,0,13651,25852,3,1,0
4.9,100,0,1,4288,7426,1,1,1
4.4,78,0,2,14434,34945,0,0,0
4.4,59,0,1,21422,56218,2,1,0
3.6,91,0,1,11376,49194,4,1,0
3.3,98,1,2,8692,7352,4,0,1
3.3,68,0,2,21766,10923,3,0,1
3.7,56,1,0,2507,50482,2,0,1
2.0,53,1,1,9001,29565,3,0,1
2.9,86,0,0,21306,16473,0,1,0
3.6,81,0,0,9366,35221,2,1,0
3.5,79,1,2,15474,40821,1,0,0
4.8,87,1,2,10899,32807,2,1,0
1.4,74,1,0,19835,20545,3,1,0
1.8,94,1,0,1265,59397,3,1,0
3.0,93,0,2,8540,53835,3,1,0
3.2,72,0,2,23208,17460,4,1,1
3.9,99,0,2,15444,11367,0,1,0
0.7,73,0,0,6755,24340,2,1,0
1.4,100,1,2,9420,37885,2,0,0
4.6,80,1,2,3467,27198,0,1,0
1.1,64,1,2,1456,28971,0,1,0
1.7,57,1,1,21923,49094,2,1,0
4.7,56,0,1,20991,6640,4,1,1
1.5,54,1,2,5580,24804,3,0,1
0.7,52,1,1,18614,12610,0,0,1
1.1,79,1,2,20245,53702,4,1,0
3.8,59,1,2,10166,11489,3,1,1
0.6,73,0,1,4255,34143,1,1,0
4.9,73,1,0,5002,31092,2,0,0
4.8,79,0,2,2657,18900,4,0,1
4.0,65,0,2,20214,18448,0,0,1
1.5,64,1,0,10085,56684,4,0,0
4.4,59,0,2,22661,21426,1,0,1
4.4,58,0,1,1517,56772,1,1,0
1.3,53,0,2,3082,32588,4,0,1
2.6,99,1,2,17509,43906,0,1,0
1.5,89,0,2,16009,56329,4,1,0
3.4,51,0,1,17065,31320,3,0,1
3.7,78,0,0,3152,26109,4,0,0
1.1,89,1,1,15867,44150,4,1,0
2.8,77,0,2,15092,12498,4,0,1
2.5,64,1,1,14631,59225,3,1,0
3.8,70,1,1,6001,48588,2,1,0
3.6,80,0,0,15151,59511,0,0,0
0.9,97,1,0,22954,41462,0,1,0
1.1,72,1,2,12522,8371,2,1,1
1.0,82,0,0,4546,48039,3,0,0
2.1,85,1,0,15061,54978,2,0,0
4.3,99,0,2,6911,48111,2,0,0
1.7,98,1,1,5694,28004,0,0,0
3.0,75,0,0,18382,53560,0,0,0
1.5,76,1,1,24645,15315,2,1,0
2.0,86,0,0,23084,15196,1,0,0
0.9,78,1,1,9951,44785,3,1,0
1.5,82,0,1,23223,33174,0,1,0
3.6,81,1,0,1251,19451,3,0,1
1.4,63,0,1,1253,23969,2,0,0
2.7,77,0,0,17392,29917,4,0,1
3.0,92,1,0,1614,31022,0,1,0
2.6,54,1,2,24248,33133,4,1,1
3.4,68,0,1,21254,6366,2,0,1
2.6,94,1,0,15276,33620,0,0,0
3.1,83,0,1,11913,25334,2,0,0
4.0,54,0,2,12504,38420,1,1,0
3.8,91,0,0,7464,11737,1,1,0
1.3,59,0,0,19472,55649,3,1,0
3.9,78,1,2,3237,25718,1,1,0
2.6,90,1,1,17624,43759,0,1,0
0.8,79,1,0,3514,8728,2,1,0
3.4,55,1,1,15736,43032,4,0,1
4.6,86,0,1,3027,44649,3,0,0
2.5,71,0,2,9118,47344,1,0,0
3.7,78,0,1,14394,29435,2,1,0
4.0,93,0,2,11803,47421,2,0,0
0.9,93,1,1,11923,21514,4,0,1
0.9,92,0,1,20498,25331,3,0,1
3.7,55,1,2,22958,29686,2,0,1
3.7,97,0,2,1597,48939,3,1,0
2.1,61,0,1,8423,55210,3,0,0
5.0,59,0,1,22690,56650,0,0,0
2.0,99,0,2,6925,29688,1,0,0
4.2,99,0,2,12937,33683,0,1,0
3.5,65,1,2,18498,23673,3,0,1
1.6,100,1,0,16128,29106,4,1,0
4.0,99,1,2,7543,39567,3,0,1
4.1,58,1,0,19171,47020,3,1,1
4.7,95,0,1,15723,10496,1,1,0
4.6,59,1,0,1873,19551,3,1,1
2.4,75,1,0,8357,30307,0,1,0
0.6,56,1,0,16481,14017,0,1,0
3.6,58,1,1,1622,45327,0,0,1
1.7,59,1,0,10868,55867,2,0,0
1.0,65,1,2,3058,57028,4,1,0
1.0,81,0,2,24545,38775,4,0,1
1.1,77,0,2,7137,28122,1,1,0
3.5,55,1,0,13794,39475,4,0,1
4.4,52,1,1,3213,21623,0,1,0
2.1,96,0,2,2452,53181,2,0,0
2.1,71,0,2,5418,35449,3,0,0
0.8,99,1,0,7536,24231,1,0,0
4.5,70,1,2,9300,31098,4,1,0
0.7,91,0,1,9952,28394,0,1,0
1.1,73,1,1,12109,53713,3,1,0
4.9,81,1,1,3707,57251,4,1,0
3.8,55,1,2,11525,58892,1,1,0
1.0,70,1,1,6460,34223,4,1,0
3.6,72,1,0,9996,52632,2,1,0
3.4,100,0,0,17812,48986,3,1,0
4.1,93,0,0,2140,14357,4,1,0
1.1,65,1,1,20827,30090,4,0,1
1.2,78,1,1,18349,34094,0,0,0
2.2,70,1,0,17352,12434,0,0,0
2.8,85,0,1,8031,55788,2,1,0
5.0,68,1,0,15812,13037,1,0,1
1.3,95,1,0,24250,58117,2,1,0
0.8,84,1,1,17670,15322,1,1,0
1.5,62,0,0,12825,56797,3,0,0
3.0,73,1,2,3154,13504,4,0,0
1.9,95,1,2,5106,31921,3,0,0
4.9,91,0,1,5205,35528,4,1,0
4.5,99,0,0,5068,33352,4,0,0
2.8,69,0,0,18003,26145,1,1,0
4.5,55,1,0,5101,46619,4,1,1
3.3,89,0,2,6609,47007,1,0,0
3.5,96,1,2,2489,7699,0,0,1
4.8,99,1,2,21254,18815,4,1,1
3.4,81,1,2,23445,24798,3,0,1
2.3,79,0,2,14619,8926,1,1,0
2.7,63,1,2,12317,14415,2,1,0
4.9,58,1,2,8921,41808,0,1,0
2.6,67,1,0,10509,14232,0,0,0
4.8,89,1,0,7220,15466,2,1,0
3.9,81,1,1,3950,25220,3,0,1
4.8,82,1,0,2594,19099,4,1,0
0.7,81,1,1,15120,40172,0,0,0
1.1,66,1,1,2676,28982,0,1,0
3.1,62,1,2,17523,23913,0,1,1
2.5,85,1,2,5216,49590,4,0,0
4.9,75,1,1,7522,41558,2,0,0
3.2,75,0,0,16523,7550,1,1,1
2.8,59,0,1,13876,45178,2,0,0
5.0,97,1,2,24223,27044,4,1,1
3.0,80,0,1,20126,26708,0,1,0
1.9,96,0,2,24638,36102,2,0,0
0.7,80,0,2,5842,46223,4,1,0
4.2,65,0,2,1620,50909,0,0,0
2.5,76,0,1,17443,50252,1,1,0
4.0,80,0,2,19379,14049,4,0,1
2.0,92,1,2,16062,29695,2,0,1
4.6,71,1,2,7300,55593,2,1,0
4.8,67,1,0,23617,24504,2,0,1
3.7,70,1,1,4993,41732,2,1,0
3.1,84,1,1,10517,58633,2,0,0
0.7,95,0,1,8011,33991,2,1,0
1.4,84,1,2,4579,50624,2,0,0
3.3,87,0,0,21904,8326,4,0,1
1.5,56,1,1,23321,52012,3,0,1
4.0,50,0,1,22316,47787,3,1,0
1.4,68,1,1,22374,47329,0,0,0
3.1,84,0,0,14008,32386,1,0,0
4.0,61,1,0,11978,5607,2,0,1
1.8,91,1,0,7318,38044,3,1,0
4.1,71,0,2,1461,35075,2,0,0
3.8,100,1,2,21019,49197,1,0,0
4.4,75,1,2,22930,26491,0,1,1
0.9,58,1,1,13568,21256,0,1,0
1.6,98,1,1,9570,24788,4,0,0
3.4,94,0,0,11053,48764,0,1,0
1.2,93,1,2,21140,12694,2,1,0
1.5,58,1,0,14626,34817,4,1,0
3.7,80,0,0,18219,49586,4,0,0
2.5,95,1,0,18945,41973,0,0,0
4.6,62,0,0,4808,26503,4,1,0
3.6,95,1,0,15858,38447,3,0,1
1.1,76,1,2,23045,8783,4,1,1
4.1,96,0,1,19950,21676,0,0,1
0.8,77,1,2,3261,9178,4,0,1
4.9,80,0,1,22021,31795,1,0,1
4.9,91,1,1,13309,30066,3,1,0
0.9,92,0,2,18604,27791,0,0,0
2.3,58,0,0,16171,54556,0,1,0
3.5,84,1,2,16093,29856,1,0,1
2.1,67,0,2,22633,55167,0,0,0
2.4,99,0,0,20462,18505,0,0,0
0.7,88,0,0,15383,53532,0,1,0
1.6,63,0,0,24970,38023,2,0,0
3.1,86,1,0,14551,24776,1,0,1
1.9,53,0,2,2536,49482,3,1,0
4.9,91,1,2,5889,25888,3,1,0
1.8,61,1,0,16172,19768,2,0,0
4.6,85,1,1,13727,41522,4,0,1
1.6,63,1,2,4029,10181,3,1,0
2.9,62,0,1,3384,29718,4,0,0
1.3,98,0,1,1502,18689,2,1,0
1.5,62,0,2,23794,54435,3,0,0
3.2,63,1,0,13473,41181,2,1,0
2.6,91,1,1,16270,22141,2,1,0
0.9,96,1,1,14563,18312,2,1,0
0.7,64,0,0,10672,22090,4,1,0
1.2,71,0,1,19043,42341,1,1,0
3.4,93,1,1,16100,55027,3,1,0
1.3,100,1,0,7030,14172,4,1,0
4.6,84,0,2,1209,7216,0,0,1
2.4,90,0,0,8167,51345,1,0,0
2.8,73,0,2,22603,46794,4,1,0
2.7,50,1,0,18555,6096,4,1,1
4.9,51,1,0,8896,12013,0,0,1
1.4,83,1,1,13224,22519,3,0,1
4.8,79,0,2,22421,19801,2,0,1
5.0,91,0,0,19110,31560,3,1,1
2.6,90,0,2,15218,16231,0,1,0
3.4,71,0,2,23684,7788,1,0,1
4.5,80,1,0,6877,9872,2,0,1
4.7,70,0,0,3521,43471,1,1,0
1.8,86,0,2,13577,59699,3,1,0
3.9,58,0,2,4200,53854,2,0,1
2.5,54,1,2,11694,55397,4,1,0
0.6,67,1,1,15150,19951,2,1,0
1.3,87,1,0,9075,55604,4,1,0
3.7,55,1,0,11376,29903,1,1,0
2.1,55,0,1,4349,34146,2,1,0
1.1,61,1,1,4384,41502,4,1,0
0.6,72,0,2,1404,44193,2,1,0
1.8,74,0,2,23456,41669,1,0,0
2.2,58,1,1,3073,22590,3,0,1
1.3,67,1,1,9247,36734,0,1,0
4.7,96,1,2,4505,45414,1,1,0
1.1,50,1,1,15425,45644,3,1,0
2.0,91,0,1,16696,26015,4,0,1
1.9,75,1,1,11678,53160,3,0,0
2.2,100,1,1,20406,12463,4,0,1
5.0,61,0,2,10546,35252,1,1,0
4.2,54,1,2,8930,37722,1,1,0
1.6,59,1,1,20078,9847,3,1,1
2.3,82,1,2,4583,7409,2,0,1
4.0,92,1,0,19455,47401,4,0,1
4.9,93,1,1,1345,57181,3,0,1
0.9,64,0,1,23267,29518,3,1,0
3.1,82,0,1,10680,6609,3,0,1
2.4,55,0,2,12241,14284,2,1,0
2.5,63,1,1,24658,36205,0,1,0
3.6,70,0,1,12241,7928,0,0,1
3.4,93,0,2,19084,20985,4,0,1
1.2,85,1,1,7107,20194,3,0,0
3.4,77,1,0,15731,53325,4,0,1
3.2,74,0,2,24060,19076,1,1,0
4.1,54,0,2,7457,17252,2,1,0
2.6,66,1,2,21031,46884,2,1,0
2.3,57,1,1,23072,35006,4,0,1
3.7,69,0,2,8817,13778,2,0,1
1.9,61,1,2,14704,14264,4,1,1
3.2,86,1,1,19183,17173,3,0,1
1.3,68,0,0,12764,25616,3,0,0
4.8,81,0,0,14406,58425,3,1,0
3.6,76,1,1,8226,15961,0,0,1
1.8,67,0,2,19535,23918,1,1,0
3.8,99,1,2,9778,38476,0,0,0
4.0,73,0,2,14931,33925,4,0,1
1.0,91,0,1,12422,7112,3,1,1
4.4,55,1,0,20265,55831,1,0,1
3.6,95,1,0,7781,45380,1,0,0
4.1,86,1,2,11605,23421,4,0,1
4.9,68,1,2,5442,22520,4,0,1
4.8,100,1,0,9181,23174,1,0,0
1.2,70,0,2,19921,30736,3,0,1
3.3,90,1,1,14200,34621,0,0,0
2.8,67,1,1,4052,36984,2,0,0
3.8,79,1,0,8137,57145,4,1,0
4.9,63,1,1,18934,26159,2,1,0
3.1,86,1,1,4262,49731,0,0,0
3.3,79,0,0,1022,15353,3,1,0
5.0,77,0,2,9979,13645,2,0,1
0.9,73,1,0,13987,29369,1,0,0
3.3,96,0,1,1035,47957,0,0,0
1.5,54,0,2,1304,19823,4,1,0
0.5,71,0,1,3320,50484,1,1,0
1.5,55,0,0,5493,25535,2,1,0
2.2,98,0,2,18383,49376,1,0,0
3.0,89,0,1,14490,28015,1,0,0
3.3,78,0,0,20319,11584,1,0,1
3.8,72,1,1,10075,56844,1,0,0
3.4,65,1,2,17965,6757,2,0,1
3.2,62,1,1,17216,47347,0,0,0
2.2,65,1,2,12832,43923,0,0,0
4.7,58,1,2,16434,32581,2,0,1
4.8,99,0,0,9591,43493,0,0,0
1.5,53,1,2,14879,23775,4,1,1
3.7,55,0,1,17754,10478,2,0,1
4.6,59,1,1,23894,43432,0,1,1
2.5,65,0,0,15856,10650,3,0,1
3.3,53,1,2,1415,53607,1,0,1
3.7,94,0,0,6471,37532,2,1,0
2.2,97,1,2,15068,12736,0,1,0
1.7,54,1,2,15915,42791,0,1,0
2.8,53,1,2,9359,15936,2,0,1
4.0,86,0,0,2443,53547,4,0,0
4.4,50,0,0,5917,35917,2,1,0
1.3,52,1,0,24602,26089,1,1,0
1.9,54,1,0,8313,37901,0,0,0
4.1,52,1,0,11724,35480,2,1,0
0.9,79,0,1,21405,18151,2,1,0
1.6,73,1,0,5933,53002,4,0,0
0.5,76,0,0,11977,40490,2,0,0
0.5,92,1,2,7723,52658,2,0,0
2.9,65,1,1,4048,8925,1,1,0
0.7,64,1,2,20030,29411,3,0,1
0.9,58,1,0,15253,43790,4,0,1
3.5,58,0,1,23961,22104,2,1,1
4.2,70,1,1,7642,22822,1,0,0
1.1,99,0,0,16271,11924,1,1,0
1.9,57,1,0,9683,34616,2,1,0
4.3,55,0,2,8045,24937,4,0,1
4.3,70,0,0,13984,51606,1,1,0
2.8,93,1,1,14251,58745,1,0,0
4.3,85,0,0,4979,35280,0,0,0
0.6,99,0,0,23488,17984,3,1,0
3.3,91,0,2,1714,43411,2,0,0
5.0,62,1,0,2399,11027,2,0,0
4.7,53,0,2,1966,33387,3,1,1
2.2,77,0,1,10170,19071,1,1,0
2.5,59,0,2,22210,45578,4,0,1
1.8,76,1,0,5496,10748,2,1,0
2.4,91,0,2,13533,57570,4,0,0
4.0,72,1,2,19535,56212,3,1,0
2.8,74,1,0,1960,6708,2,0,0
4.5,99,1,0,20136,57995,3,1,0
5.0,60,0,0,18487,48048,1,1,0
4.2,97,0,0,6692,42728,3,1,0
1.3,87,1,2,24050,50719,2,0,0
3.7,86,0,2,6752,17336,3,1,0
2.7,55,0,0,18250,44430,1,0,0
2.7,71,0,0,2951,27331,1,1,0
0.6,87,0,0,13241,39491,2,0,0
3.7,92,1,2,11571,11621,2,1,1
1.1,60,1,2,24172,36929,2,0,1
4.9,94,1,0,13398,48616,4,0,1
1.9,94,1,0,19595,16646,0,1,0
0.6,88,1,2,17258,19476,4,0,1
1.1,97,0,0,21846,27728,2,0,0
4.5,55,1,1,9176,5746,2,0,1
3.6,72,1,0,13646,52213,0,0,0
2.5,76,0,1,18892,37314,3,1,0
2.2,80,0,0,10663,34575,0,0,0
0.6,66,0,0,6272,27400,1,1,0
3.8,85,0,1,24085,43930,4,1,1
0.6,91,0,2,4318,33455,1,0,0
2.0,62,1,2,22646,41314,4,1,1
1.8,65,0,0,6032,30749,4,1,0
0.7,50,1,0,7542,24303,4,1,0
0.9,63,0,2,4784,24124,0,1,0
1.9,75,1,1,22032,48321,2,0,0
2.9,61,1,1,2462,29209,1,1,0
1.7,79,1,0,5952,59858,2,0,0
3.9,92,0,0,20324,48787,2,1,0
1.5,53,1,2,19766,32435,4,1,1
4.5,80,1,0,4941,30873,0,0,0
4.8,78,0,0,2398,18886,1,0,0
2.4,93,1,0,11477,58907,1,1,0
4.6,54,0,1,10050,41461,3,1,0
2.8,50,1,0,19566,32160,1,0,1
3.1,98,0,0,18551,41876,0,1,0
4.5,76,1,1,2227,47912,3,1,0
1.3,75,0,2,13969,44888,3,0,0
4.5,71,0,0,13204,53873,3,1,0
0.6,100,1,1,8469,23372,3,0,0
1.1,97,1,1,7158,22656,3,0,0
2.5,76,1,2,3150,29504,0,0,0
1.9,82,1,0,6693,56151,4,0,0
1.4,62,0,0,12808,7167,3,0,1
3.7,67,1,1,23320,38103,3,0,1
0.6,73,1,2,20230,34235,1,1,0
3.0,72,0,1,1899,54083,0,1,0
2.2,60,0,0,9817,47426,1,0,0
3.4,82,0,2,22213,5583,3,0,1
1.3,50,0,1,14887,44868,2,1,0
4.5,72,1,1,23190,19300,3,1,1
2.8,89,1,2,19397,11705,0,1,0
3.4,88,1,1,3091,49853,0,1,0
2.0,67,1,1,5912,22114,2,0,0
2.8,65,0,2,24635,31482,2,0,0
0.6,81,1,1,2157,32431,3,1,0
3.1,86,0,1,23015,52615,1,1,0
2.1,69,0,2,4198,41585,1,1,0
2.6,97,1,2,23272,57975,4,0,0
4.5,91,0,0,14778,28283,1,1,0
4.0,71,1,1,4859,43375,2,1,0
2.6,90,0,1,23305,17749,4,0,1
2.2,69,1,0,12228,14881,1,0,0
2.3,86,1,0,16977,25734,1,0,0
2.0,61,1,2,9962,8801,0,1,1
1.4,99,0,2,3884,55101,1,1,0
1.1,77,1,1,1152,33116,3,1,0
0.7,62,1,0,1587,26116,4,0,0
3.5,90,0,0,5224,50450,2,1,0
1.0,82,1,0,10529,9278,0,1,0
2.6,83,1,1,17062,50008,1,1,0
2.1,62,0,1,24827,6253,1,0,1
4.9,63,0,2,13012,38071,1,0,0
3.7,100,0,1,20461,46964,2,0,0
5.0,92,0,2,23601,59795,0,0,0
1.0,78,1,0,23998,40866,2,1,0
1.2,94,0,1,21407,32582,0,1,0
3.2,58,1,0,10263,38527,4,0,1
1.0,56,1,0,18142,44911,1,1,0
4.9,72,1,1,7805,15510,0,1,0
3.6,80,1,0,4618,5179,0,0,1
4.3,92,1,0,24709,10903,4,0,1
3.8,66,0,1,2641,24400,2,1,0
0.9,61,0,1,4797,28607,2,1,0
0.9,98,0,0,12715,14069,1,1,0
4.5,89,1,2,6992,11091,2,1,1
1.0,75,1,1,14819,59768,3,1,0
3.4,60,0,0,4398,50624,0,0,0
2.4,87,1,2,21031,49459,3,0,0
2.2,72,0,2,16994,59954,1,1,0
1.0,76,1,0,1405,9150,2,1,0
3.7,93,0,2,15183,27170,4,0,1
3.5,65,1,1,19295,48496,3,0,1
4.5,89,0,0,17247,47165,1,1,0
4.4,54,1,1,2649,20787,2,1,0
2.8,85,1,1,16043,58549,1,0,0
2.5,86,1,0,4889,37666,3,1,0
4.9,97,0,0,19256,31439,3,0,1
3.0,55,1,2,12169,41853,1,1,0
2.1,53,0,1,24483,26756,4,1,1
3.5,95,1,0,12185,11385,1,0,1
2.1,90,1,2,2500,39208,2,0,0
4.5,81,0,2,9332,53661,3,0,1
3.2,62,0,1,24487,19128,3,0,1
2.0,98,1,0,15762,46500,4,0,0
2.6,87,0,1,19128,5284,4,0,1
4.7,87,1,2,24936,56188,1,0,0
4.2,56,1,2,17518,44357,4,1,1
4.5,76,0,1,15838,31074,2,1,0
4.1,58,1,2,23986,50876,4,1,1
3.0,70,0,0,23498,18743,4,1,0
2.1,93,0,2,24276,47604,1,1,0
1.0,72,1,2,14840,42397,3,1,0
4.1,83,0,0,22962,29960,1,0,1
0.8,67,0,1,3032,49786,2,0,0
3.6,68,0,2,4358,7117,2,1,1
3.3,93,0,2,8785,47409,4,1,0
2.8,100,1,2,13699,48548,0,1,0
2.4,100,1,2,7654,8525,0,1,1
3.3,99,1,0,24753,46535,2,0,1
4.8,68,1,0,6694,49738,0,0,0
3.8,57,1,0,5262,33082,2,1,0
1.2,66,0,1,6036,35561,1,0,0
4.7,88,0,2,19765,45344,2,1,0
3.0,54,1,2,17552,19415,1,0,1
1.2,84,1,0,22736,27898,1,0,0
2.0,73,1,0,19393,54326,4,1,0
4.2,91,0,0,8875,48839,2,1,0
4.6,89,0,0,4715,49731,2,1,0
2.2,84,1,0,16951,38873,2,1,0
0.7,91,0,1,6485,38678,0,0,0
4.9,99,0,2,23459,9290,1,0,1
2.4,56,0,2,23480,59312,3,0,1
1.2,79,1,0,6832,10735,0,0,0
4.1,85,0,2,14357,58845,1,1,0
2.2,90,1,1,23062,25735,0,1,0
1.0,50,0,2,12721,43378,0,0,0
4.7,56,1,2,10224,24749,4,0,1
3.9,78,1,1,6122,58878,0,1,0
2.9,58,1,2,23193,24331,1,1,1
4.5,100,1,0,5038,41275,4,0,1
0.7,86,1,2,7883,40882,0,1,0
3.9,96,1,0,6274,32043,4,0,1
1.3,89,1,0,18984,12511,1,0,0
2.6,85,0,1,4217,49019,0,1,0
1.4,87,1,1,4278,28405,1,0,0
1.8,54,0,1,21196,36841,3,1,1
3.5,94,0,2,15034,42149,2,1,0
1.3,70,0,0,12779,51674,3,1,0
1.1,96,1,1,11009,35333,3,1,0
2.7,56,0,2,5587,44755,0,1,0
4.5,62,1,2,1610,46066,0,0,0
4.3,90,0,2,2201,42938,3,0,1
3.0,84,1,2,13861,55803,1,1,0
1.5,99,1,0,14001,35454,4,0,0
2.1,50,0,2,15621,49837,1,0,0
1.2,86,0,2,2324,52972,3,1,0
1.5,81,0,0,2402,22324,2,0,0
3.5,83,1,1,2307,35780,3,0,1
4.9,70,0,2,19960,39168,2,1,0
2.9,61,1,2,17930,29806,2,0,1
1.6,64,1,1,16797,58558,2,1,0
4.5,50,0,1,17860,15853,1,0,1
3.4,63,0,0,22663,15312,2,0,1
1.5,71,0,1,7904,49251,3,1,0
3.2,91,1,0,19792,20969,0,0,1
3.2,58,0,2,9462,14624,0,0,1
4.7,83,1,2,3809,41936,0,1,0
1.5,88,1,1,20688,16178,1,1,0
1.1,87,0,2,6495,48230,4,1,0
3.8,71,1,2,13393,43705,0,0,0
2.2,56,0,0,5900,39256,4,1,0
3.2,61,1,2,4053,44309,0,0,0
2.7,58,0,2,13136,47548,3,1,0
4.4,94,1,0,12485,57579,3,1,0
3.2,97,0,1,8618,13774,2,1,0
4.6,55,1,2,7193,40633,3,1,1
0.5,97,0,2,13288,39245,0,0,0
3.4,94,1,1,14961,28741,0,0,1
3.4,66,1,2,21050,32758,4,1,1
1.7,93,1,0,6856,32081,4,1,0
2.2,85,1,1,24117,25096,4,1,0
2.3,58,0,2,4285,20058,3,0,1
1.5,75,1,2,13750,45240,0,0,0
4.8,50,0,0,3888,35911,4,1,0
0.8,64,1,0,14128,44913,0,1,0
3.3,83,1,2,21981,44155,0,0,0
2.7,50,0,2,7381,57685,4,1,0
0.7,88,0,2,8839,16107,0,1,0
3.4,60,0,1,22943,56096,3,1,0
2.3,87,0,2,19009,6007,0,0,1
1.8,85,1,1,20869,58445,2,0,0
4.8,79,1,2,14340,5304,2,0,1
2.8,85,0,2,17819,24284,2,0,0
4.8,84,1,2,8971,34017,3,1,0
3.9,99,1,2,16793,35193,4,0,1
1.0,54,1,2,11345,56685,1,0,0
2.4,72,0,2,10413,59537,2,0,0
0.9,93,1,0,11284,41343,1,1,0
2.1,86,1,0,7542,53900,1,1,0
1.6,65,1,0,21270,20021,1,0,0
2.1,99,0,0,18743,10143,3,0,1
4.8,80,1,2,17082,25671,3,1,1
1.3,98,1,1,2774,19555,4,0,0
2.9,77,1,2,13901,7134,4,1,1
4.4,99,0,1,11343,12888,4,1,1
3.6,50,0,1,12848,43076,0,1,0
3.3,66,0,2,16445,22226,1,1,0
4.8,71,1,0,14732,37687,3,0,1
3.7,73,1,1,19723,23325,3,0,1
1.1,86,0,0,19197,52239,2,0,0
2.4,74,0,0,1319,57431,1,1,0
1.3,81,0,2,16945,38882,4,1,0
1.9,85,0,1,8060,11486,1,0,0
4.2,80,0,1,12828,53797,2,1,0
2.1,85,1,1,12504,6299,3,0,1
4.4,88,0,2,10326,42741,4,0,1
2.1,93,1,2,21108,34290,0,1,0
1.8,90,0,0,21685,46981,2,1,0
3.3,75,0,0,11272,15616,2,0,1
1.9,68,1,2,15578,47247,3,1,0
4.0,73,1,1,5097,15965,1,0,0
3.8,92,1,2,6469,50920,0,0,0
2.3,56,0,1,14009,40942,0,0,0
2.9,55,0,1,22457,45507,1,0,0
4.7,74,1,0,21528,21213,2,1,0
1.1,83,0,0,16602,7303,2,1,0
2.6,84,1,2,20360,34153,1,0,1
3.2,90,1,2,12376,46929,4,1,0
2.7,64,0,1,9513,25176,2,1,0
1.2,50,0,2,10396,58436,1,1,0
2.6,50,1,1,10598,24635,0,1,0
3.2,100,0,2,19368,29487,1,1,0
2.5,65,0,2,8228,53307,3,1,0
1.7,77,0,2,10328,55104,4,1,0
3.4,84,1,1,5476,17320,0,0,0
1.8,90,1,2,7153,34672,2,1,0
1.9,59,0,2,10244,6450,1,0,1
1.7,95,1,2,5937,5537,1,0,1
0.6,63,1,1,16194,25419,3,1,0
3.6,52,1,0,9732,54189,1,0,1
4.0,54,1,0,1413,17595,2,1,0
1.0,99,0,1,2098,55543,3,0,0
1.4,97,0,2,13750,48647,1,1,0
3.6,69,1,0,9300,46232,0,0,0
2.7,69,0,1,8732,8413,1,0,1
3.3,70,0,0,13969,57061,2,0,0
4.1,50,0,2,13169,56345,3,0,1
4.0,65,0,1,21484,10990,4,1,1
0.8,72,0,2,16985,40150,0,0,0
1.5,85,1,1,23585,53050,1,0,0
2.2,96,0,1,19318,7587,3,1,1
1.8,94,1,0,11606,42139,1,1,0
3.8,67,0,0,10688,39808,1,1,0
4.2,84,1,1,7079,5047,4,1,1
4.5,89,1,2,22570,20649,2,0,1
4.9,74,0,2,21088,49775,3,0,1
1.8,76,1,0,2434,11308,4,0,0
4.3,58,0,0,7278,18243,0,1,0
0.9,86,1,2,2608,37106,4,1,0
2.1,88,0,0,16337,18679,3,0,1
4.1,53,1,2,24213,53724,3,1,1
0.8,89,1,2,3553,7664,0,1,0
4.8,83,0,0,7208,52524,1,1,0
1.4,92,0,2,4457,45981,1,1,0
3.9,86,1,2,6466,35062,3,0,1
4.1,85,1,2,12544,27119,1,1,0
4.6,85,1,1,20936,32023,3,1,1
1.6,84,0,1,12796,55181,4,1,0
4.8,78,1,0,20521,52599,0,1,0
0.6,58,1,0,11318,24682,1,0,0
0.6,94,1,2,4089,38506,4,0,0
0.7,72,0,0,8634,22366,2,0,0
1.7,69,0,2,3529,31201,4,0,0
3.8,100,1,0,20504,36999,4,0,1
3.4,52,1,0,12400,56126,0,1,0
4.5,77,1,0,21771,55488,1,0,0
4.0,74,0,1,18692,39365,0,1,0
3.0,70,0,0,20501,8310,3,1,1
3.1,55,0,1,5331,23991,3,0,1
2.0,80,0,2,14058,31161,2,0,0
2.8,99,0,0,16986,36517,4,0,0
2.3,86,0,2,8940,45369,4,0,0
0.8,99,1,1,4687,49874,4,0,0
3.5,77,1,1,20460,17483,2,1,0
3.4,99,1,0,21420,27919,4,1,1
1.2,52,0,0,24871,49915,2,0,0
4.3,57,0,0,1450,45698,1,1,0
2.0,57,1,1,7848,35879,0,1,0
3.8,63,0,2,21415,39292,2,1,0
3.8,59,0,1,9370,43207,4,0,1
1.3,68,0,2,16235,45498,2,0,0
3.4,50,0,1,4535,48278,2,1,0
0.6,91,1,0,11336,29949,4,0,0
2.7,88,0,0,19372,18033,4,1,0
4.7,51,0,0,17054,39695,2,1,0
2.3,60,0,1,21487,49847,2,1,0
1.9,82,1,0,1965,46011,2,1,0
4.7,67,0,0,3876,27399,3,0,0
3.8,83,0,1,14974,20752,4,0,1
4.9,88,1,1,22380,40535,1,0,1
1.1,84,0,0,15092,25250,4,0,1
5.0,99,0,2,3222,42017,1,1,0
3.0,96,0,0,11442,25814,1,0,0
4.5,76,1,1,7158,34032,2,0,0
1.0,61,0,2,20541,45432,2,0,0
1.5,93,0,1,17460,10208,3,0,1
4.3,80,1,0,5506,30392,3,1,0
1.2,64,0,1,14534,55104,0,1,0
1.5,92,0,0,21219,9334,1,1,0
2.7,70,1,0,20920,33020,3,0,1
3.8,74,1,1,18060,45075,4,0,1
1.0,79,0,0,2286,38993,4,1,0
3.0,83,0,0,10979,24082,3,1,0
4.0,68,1,0,23608,32686,2,0,1
2.8,59,1,2,6890,34602,0,0,0
4.0,94,0,1,1816,32103,2,1,0
1.3,87,0,1,23666,10910,2,1,0
3.4,95,0,2,4740,53055,0,0,0
3.7,90,1,0,13408,39328,3,0,1
3.0,52,0,1,5738,42060,1,0,0
1.3,95,0,1,10462,25189,2,1,0
3.3,57,0,0,1400,5231,4,1,1
2.6,81,0,2,20295,37339,1,0,0
3.5,79,1,1,9018,10203,4,0,1
4.5,67,0,0,22406,17113,1,0,1
2.1,59,0,2,11849,42885,4,1,0
4.6,53,0,1,21024,16681,1,1,1
3.5,94,0,1,2174,54108,4,1,0
0.9,69,1,1,19037,29834,0,1,0
0.8,80,0,0,18270,50522,2,1,0
2.4,63,0,2,16848,8813,0,0,1
3.8,88,1,1,18216,44901,2,1,0
3.1,89,1,0,18029,45258,4,1,0
3.8,81,1,0,7342,44938,1,1,0
0.5,51,1,2,21162,57214,0,0,0
5.0,76,0,1,1370,27914,4,0,0
3.4,94,1,1,10839,56786,0,1,0
2.8,70,0,0,13977,49946,2,1,0
3.8,89,0,0,23035,17715,2,1,0
2.7,80,0,2,21552,13896,3,0,1
2.6,84,1,1,18074,56379,3,0,0
1.8,96,1,2,19920,40119,0,0,0
3.6,100,1,0,12113,14784,2,0,1
4.9,90,0,2,20503,44694,3,0,1
1.0,100,1,2,14561,25611,0,1,0
0.9,65,1,1,18206,59359,2,0,0
1.9,57,1,0,15541,55973,1,0,0
2.8,80,0,0,11726,27289,3,1,0
1.1,56,0,0,13700,52485,0,1,0
3.7,83,0,0,11921,25380,0,0,0
2.6,52,0,2,19925,55212,2,0,0
3.9,90,0,1,10065,18143,1,1,0
2.9,99,1,2,6160,12710,2,0,0
1.7,50,0,0,9881,40555,2,1,0
1.1,95,1,2,11203,21044,1,0,1
3.3,71,1,0,23134,13524,0,1,0
0.7,74,0,0,24090,32948,3,0,1
3.2,87,1,2,7492,28306,2,1,0
3.7,92,0,1,23891,42210,1,0,1
2.6,79,1,2,8592,47232,3,1,0
4.8,59,1,1,11641,30695,1,1,0
2.5,51,0,1,16113,12398,2,1,0
4.3,68,1,2,14293,42662,1,0,0
4.2,100,0,1,18457,41447,0,1,0
2.6,87,1,0,16806,45689,1,0,0
2.2,71,0,2,19586,43729,3,1,0
4.0,84,0,0,4746,48424,0,1,0
3.2,79,1,2,11093,11399,3,0,1
4.8,54,0,2,11728,58350,4,1,1
2.7,92,0,0,5807,19261,1,0,0
3.5,78,1,1,7411,45342,4,1,0
1.4,70,1,2,24520,57058,2,1,0
4.9,72,0,2,5179,5532,4,1,1
4.3,53,1,2,4594,8481,0,1,1
4.4,51,0,1,21487,51020,4,1,0
1.9,74,1,1,22708,33520,4,0,1
1.3,58,0,2,6055,30204,2,1,0
1.8,92,0,0,5718,5760,0,0,1
3.7,81,1,0,15943,10548,1,1,0
4.5,94,1,2,19089,16783,3,1,1
4.2,74,1,0,19937,17176,3,0,1
2.7,96,0,2,18896,37881,2,1,0
3.1,52,0,2,20014,36671,2,0,1
2.7,94,0,0,16235,52853,4,1,0
2.8,83,0,0,21088,35962,0,1,0
0.7,71,0,1,19807,34755,4,1,0
3.8,76,1,1,23775,23953,1,0,1
4.7,97,1,2,3012,56447,4,1,0
3.3,87,0,2,10398,8382,2,0,1
2.7,58,0,1,10018,21518,1,1,0
4.4,50,0,2,22599,16443,4,0,1
2.5,61,1,2,18281,20479,3,0,1
4.4,71,0,0,14531,44029,1,1,0
4.0,65,1,2,19931,46784,1,0,0
3.8,72,0,2,6491,22327,0,0,0
2.6,80,1,1,13445,53899,4,0,0
3.6,74,1,1,1388,14512,4,1,0
1.8,78,1,2,4190,25688,4,0,0
4.6,90,1,1,9858,45008,2,1,0
1.7,56,1,2,23127,43284,3,1,1
3.9,96,0,2,18944,27112,1,1,0
0.5,50,0,0,23462,31951,0,0,1
2.5,64,1,1,21296,17653,0,0,0
0.9,88,0,2,3830,46817,0,0,0
4.4,58,1,2,4632,55060,4,0,1
3.6,66,1,1,10056,48285,0,1,0
4.0,94,1,1,3044,15614,0,1,0
2.2,71,0,1,15436,58267,2,0,0
0.8,62,1,0,5714,47302,3,0,0
2.9,77,0,2,24442,47161,0,1,0
1.7,52,0,0,1614,42443,2,1,0
4.5,59,0,0,5967,48555,3,1,0
3.7,75,0,2,15288,51373,3,1,0
2.3,96,0,2,23585,19801,0,1,0
4.2,80,0,2,23342,40081,2,1,0
1.9,53,0,1,16061,40037,2,0,0
3.9,68,0,0,22650,41338,0,1,0
1.4,94,1,0,3780,46328,2,1,0
4.5,78,0,0,24584,7339,1,0,1
5.0,65,1,1,17373,9128,4,1,1
2.9,78,0,0,24626,27235,0,1,0
0.7,57,0,2,23219,48733,4,1,0
4.4,84,0,2,2208,42968,1,0,0
3.8,81,0,1,23980,45525,0,0,1
3.4,50,0,2,15948,8274,2,0,1
3.3,87,0,0,3067,12482,3,0,0
4.1,77,1,2,4958,49459,3,1,0
4.9,86,0,1,20434,59816,1,0,0
1.3,54,0,1,23816,14256,3,0,1
2.2,60,1,0,4275,43141,0,0,0
4.1,90,1,0,1208,6024,3,0,1
0.5,55,1,1,7755,50449,3,0,1
1.1,67,1,1,20538,20679,1,0,0
1.3,81,0,2,14722,59164,2,1,0
0.5,65,0,0,18685,39747,0,1,0
2.8,79,0,1,5889,8477,1,0,1
3.6,80,1,0,22130,15470,0,0,1
2.1,63,1,1,2419,26908,4,1,0
1.0,53,0,0,17872,56478,0,1,0
1.0,65,1,2,7512,42995,2,1,0
3.9,70,0,0,8769,26373,1,0,0
3.8,62,1,0,2780,9818,3,1,1
4.5,59,0,2,13238,34818,1,1,0
1.1,96,0,2,12006,28500,2,0,0
1.1,94,0,1,16026,13945,0,1,0
2.4,98,1,0,21905,24343,4,0,1
4.8,60,0,0,8092,31980,4,1,0
3.2,79,1,0,9120,52842,3,0,1
2.0,87,0,2,14689,14762,4,0,1
4.9,52,1,2,14949,55371,4,0,1
2.9,80,0,1,19300,37459,1,0,0
3.9,94,1,0,8833,13697,2,1,0
3.4,55,0,1,24045,48845,2,0,0
2.6,86,0,1,7060,35393,1,1,0
4.1,73,1,2,13611,46510,0,0,0
4.5,71,0,1,23435,32911,2,0,1
0.9,71,0,2,4636,49214,2,0,0
2.2,79,0,1,19374,29014,1,0,0
3.7,63,0,1,22267,20639,4,0,1
2.7,98,0,2,12557,54865,1,1,0
4.5,82,1,1,12312,8569,0,1,1
2.5,82,0,1,15810,51519,4,1,0
3.3,93,0,0,13801,35007,0,0,0
4.5,68,0,0,23841,15798,2,0,1
1.2,59,0,2,14649,46109,0,1,0
4.9,84,0,1,22125,27721,3,1,1
0.6,62,0,0,14490,57559,1,1,0
3.1,91,1,1,16007,43886,4,1,0
1.9,58,1,0,16867,56725,2,0,0
2.2,68,0,0,6451,28142,2,1,0
3.3,60,1,0,8795,16492,1,0,1
1.0,70,0,1,7722,22066,2,0,0
3.0,52,1,1,18690,14695,2,1,0
4.9,84,1,0,5763,6633,3,1,1
4.8,70,0,0,22208,53398,4,1,0
3.7,80,1,2,12098,48705,1,1,0
3.6,96,1,0,11095,14137,4,0,1
0.6,89,0,1,2803,28422,0,1,0
3.2,62,0,1,18642,17826,0,0,1
4.3,93,0,2,11412,30848,1,1,0
3.2,82,0,2,24460,28662,3,0,1
4.3,73,1,1,12513,5798,2,1,1
1.9,78,0,0,15499,52700,3,1,0
1.8,96,1,2,5706,32144,1,0,0
1.4,80,1,0,1216,43710,3,0,0
2.3,67,1,0,7529,41425,3,0,0
1.3,74,1,2,20176,37151,0,1,0
1.9,85,1,0,9607,6758,0,0,1
1.9,90,1,0,6877,47848,2,1,0
2.7,94,0,0,3186,12822,2,1,0
3.2,73,1,2,23749,33578,2,1,1
4.2,73,0,1,5788,15672,4,0,0
1.9,94,0,1,12834,15702,0,1,0
2.4,72,0,1,17838,24114,4,0,1
1.4,90,0,0,11361,44240,1,1,0
4.2,93,1,1,18511,49921,2,0,0
3.1,59,0,0,16889,38958,2,1,0
2.4,60,0,0,7174,15128,4,0,0
4.1,85,0,1,5300,35178,0,0,0
4.7,80,1,1,15481,50288,2,0,0
4.5,88,1,0,4886,51523,2,0,0
1.5,94,0,2,7876,19848,2,0,0
1.1,55,1,2,1616,55005,0,0,0
4.0,98,1,0,22619,17868,0,0,1
2.8,53,1,0,10884,21581,0,0,1
3.5,98,0,0,7054,44439,1,0,0
3.5,51,0,0,12540,53902,2,1,0
1.2,82,0,2,19944,42370,0,0,0
3.9,83,0,2,18600,17553,2,0,1
0.5,96,0,0,23876,38042,3,1,0
3.2,78,0,0,14896,59705,2,1,0
1.5,64,1,0,16266,54899,2,0,0
1.0,58,1,1,3695,51185,2,0,0
2.0,57,1,1,23513,34946,4,1,1
4.9,78,0,2,7186,31691,2,1,0
4.4,80,1,0,13988,5837,3,0,1
2.5,92,0,0,23774,14395,3,1,0
3.2,56,0,0,7562,28836,1,1,0
3.2,75,0,0,10126,59926,3,1,0
3.9,99,1,2,22845,31229,2,1,1
3.2,75,1,2,4540,23277,1,1,0
1.0,81,1,0,4263,46180,1,0,0
3.8,54,1,2,20811,6753,1,1,1
3.6,59,1,2,22662,45844,0,0,1
3.9,99,1,1,17064,18233,2,1,0
2.8,84,1,2,15103,40823,0,0,0
4.5,57,1,1,16062,25614,3,1,1
0.7,61,1,2,5406,15757,3,1,0
1.9,74,1,0,16594,42280,3,1,0
3.0,60,0,1,21215,22261,3,1,0
3.5,99,1,1,5200,9025,0,0,1
4.3,72,0,2,15029,27364,3,0,1
2.1,72,1,1,8688,8699,1,0,1
3.4,87,0,2,12062,9292,2,0,1
1.3,84,1,0,9736,35206,3,1,0
0.6,80,0,1,11565,29755,4,1,0
3.1,81,0,2,17276,49244,1,1,0
2.8,98,1,0,15286,45293,2,1,0
1.4,90,0,2,2557,19029,2,1,0
1.8,86,1,0,20394,45931,0,0,0
2.0,54,1,1,22349,18745,2,0,1
4.2,82,1,1,7556,48480,4,1,0
2.4,66,1,2,1609,55032,4,0,0
3.3,83,0,2,9779,37715,1,1,0
4.7,84,1,2,12936,52619,0,0,0
2.6,65,0,2,14443,49912,2,1,0
1.9,54,0,1,9403,22493,2,0,0
3.6,65,1,0,1907,12442,1,0,0
